{
  "project_info": {
    "project_number": "150001405551",
    "firebase_url": "https://test-4350a.firebaseio.com",
    "project_id": "test-4350a",
    "storage_bucket": "test-4350a.appspot.com"
  },
  "client": [
    {
      "client_info": {
        "mobilesdk_app_id": "1:150001405551:android:7b91a54c28983d33",
        "android_client_info": {
          "package_name": "com.example.dh.loginfirebase"
        }
      },
      "oauth_client": [
        {
          "client_id": "150001405551-i7lpl8dqqc0lc4atvhv3oo71vgo67js7.apps.googleusercontent.com",
          "client_type": 1,
          "android_info": {
            "package_name": "com.example.dh.loginfirebase",
            "certificate_hash": "3aed8d376576a1bca7ba82dcaa512adc49c2699d"
          }
        },
        {
          "client_id": "150001405551-aee684do78merdimd7cuhoul1rtil699.apps.googleusercontent.com",
          "client_type": 3
        }
      ],
      "api_key": [{ "current_key": "AIzaSyB91oguZhJ55Wre8mlUVlZTT-DARoBJE3U"
         }]

      ,
      "services": {
        "analytics_service": {
          "status": 1
        },
        "appinvite_service": {
          "status": 2,
          "other_platform_oauth_client": [
            {
              "client_id": "150001405551-aee684do78merdimd7cuhoul1rtil699.apps.googleusercontent.com",
              "client_type": 3
            }
          ]
        },
        "ads_service": {
          "status": 2
        }
      }
    }
  ],
  "configuration_version": "1"
}