{
  "project_info": {
    "project_number": "1082675679840",
    "firebase_url": "https://fir-notifications-4f3b3.firebaseio.com",
    "project_id": "fir-notifications-4f3b3",
    "storage_bucket": "fir-notifications-4f3b3.appspot.com"
  },
  "client": [
    {
      "client_info": {
        "mobilesdk_app_id": "1:1082675679840:android:d897750f301179ce",
        "android_client_info": {
          "package_name": "com.example.firebasenotifications"
        }
      },
      "oauth_client": [
        {
          "client_id": "1082675679840-fls0lar70fk3o0fj4o9nfugo8al2ssoo.apps.googleusercontent.com",
          "client_type": 1,
          "android_info": {
            "package_name": "com.example.firebasenotifications",
            "certificate_hash": "0beb04c7c0581feeba35d212486f2e016728765c"
          }
        },
        {
          "client_id": "1082675679840-14p5vccij5v9spnbn97bu1nic2dhipku.apps.googleusercontent.com",
          "client_type": 3
        },
        {
          "client_id": "1082675679840-14p5vccij5v9spnbn97bu1nic2dhipku.apps.googleusercontent.com",
          "client_type": 3
        }
      ],
      "api_key": [
        {
          "current_key": "AIzaSyDnvsUeFOVt2BverFXjULTPtfhC5mlGs4M"
        }
      ],
      "services": {
        "analytics_service": {
          "status": 1
        },
        "appinvite_service": {
          "status": 2,
          "other_platform_oauth_client": [
            {
              "client_id": "1082675679840-14p5vccij5v9spnbn97bu1nic2dhipku.apps.googleusercontent.com",
              "client_type": 3
            }
          ]
        },
        "ads_service": {
          "status": 2
        }
      }
    }
  ],
  "configuration_version": "1"
}